<?xml version="1.0" encoding="UTF-8" ?><_ROOT_  Location="CATALOG" Catalog="SASHELP.EMMODL.TREE.SOURCE" ToolType="MODEL" TrainMode="BATCH"
 ImportModel="N" Freeze="N" UseMultipleTarget="N" Precision="4" IntervalCriterion="PROBF"
 NominalCriterion="PROBCHISQ" OrdinalCriterion="ENTROPY" SigLevel="0.05" Splitsize="."
 LeafSize="5" MinCatSize="10" Maxbranch="10" Maxdepth="20" Nrules="5" Nsurrs="0" MissingValue="USEINSEARCH"
 UseVarOnce="N" SplitPrecision="4" Subtree="ASSESSMENT" NSubtree="1" AssessMeasure="PROFIT/LOSS"
 AssessPercentage="0.25" NodeSample="20000" Exhaustive="5000" Kass="Y" KassApply="BEFORE"
 Depth="Y" Inputs="N" NumInputs="1" VarSelection="Y" Leafid="Y" NodeRole="SEGMENT"
 Performance="DISK" CV="N" CVNIter="10" CVRepeat="1" CVSeed="12345" ObsImportance="N"
 NumSingleImp="5" UseDecision="N" UsePriors="N" ClassColorBy="PERCENTCORRECT" IntColorBy="AVG"
 ShowNodeId="Y" ShowValid="Y" Pred="N" Target="ALL" Count="Y" ProfitLoss="NONE" PercentCorrect="N"
 AVG="Y" RASE="N" CreateSample="DEFAULT" SampleMethod="RANDOM" SampleSize="10000"
 SampleSeed="12345" ForceRun="N" RunAction="Train" Component="DecisionTree" Criterion="DEFAULT"
 Dummy="N" Predict="Y" ImportedTreeData="" RawCreateTime="2020271538.5" CreateTime="07JAN2024:18:32:19"
 RunId="d714ef2f-27b0-41b3-8dc8-f35f8d00b078" RawLastTimeRun="2020272032.5" RawRunTime="49.999000072"
 LastTimeRun="07JAN2024:18:40:32" RunTime="0 Hr. 0 Min. 50.00 Sec.">
<VARIABLEPROPERTIES/>
<FILEPROPERTIES ><![CDATA[
USERTRAINCODE
USERSCORECODE
USERREPORTCODE
EMNOTES
]]>
</FILEPROPERTIES><EMTARGETATTRIBUTES >
<TI_CHURN1 >
<DECDATA  Table="EMWS1.Tree2_TI_Churn1_DD">
<DATA >
<OBS  TI_CHURN1="1" COUNT="663" DATAPRIOR="0.168383659" TRAINPRIOR="0.1683168317" DECPRIOR="."
 DECISION1="1" DECISION2="0"/>
<OBS  TI_CHURN1="0" COUNT="3276" DATAPRIOR="0.831616341" TRAINPRIOR="0.8316831683" DECPRIOR="."
 DECISION1="0" DECISION2="1"/>
</DATA>
<METADATA >
<VARIABLE  NAME="TI_Churn1" LABEL="" LENGTH="32" FORMAT="" TYPE="C"/>
<VARIABLE  NAME="COUNT" LABEL="Level Counts" LENGTH="8" FORMAT="10." TYPE="N"/>
<VARIABLE  NAME="DATAPRIOR" LABEL="Data Proportions" LENGTH="8" FORMAT="" TYPE="N"/>
<VARIABLE  NAME="TRAINPRIOR" LABEL="Training Proportions" LENGTH="8" FORMAT="" TYPE="N"/>
<VARIABLE  NAME="DECPRIOR" LABEL="Decision Priors" LENGTH="8" FORMAT="" TYPE="N"/>
<VARIABLE  NAME="DECISION1" LABEL="1" LENGTH="8" FORMAT="" TYPE="N"/>
<VARIABLE  NAME="DECISION2" LABEL="0" LENGTH="8" FORMAT="" TYPE="N"/>
</METADATA>
</DECDATA>
<DECMETA  Table="EMWS1.Tree2_TI_Churn1_DM">
<DATA >
<OBS  _TYPE_="MATRIX" VARIABLE="" LABEL="" LEVEL="PROFIT" EVENT="" ORDER="" FORMAT="" TYPE=""
 COST="" USE="N"/>
<OBS  _TYPE_="TARGET" VARIABLE="TI_Churn1" LABEL="Churn:1" LEVEL="BINARY" EVENT="1" ORDER=""
 FORMAT="" TYPE="N" COST="" USE=""/>
<OBS  _TYPE_="DECISION" VARIABLE="DECISION1" LABEL="1" LEVEL="" EVENT="" ORDER="" FORMAT=""
 TYPE="N" COST="" USE="Y"/>
<OBS  _TYPE_="DECISION" VARIABLE="DECISION2" LABEL="0" LEVEL="" EVENT="" ORDER="" FORMAT=""
 TYPE="N" COST="" USE="Y"/>
<OBS  _TYPE_="DATAPRIOR" VARIABLE="DATAPRIOR" LABEL="Data Prior" LEVEL="" EVENT="" ORDER=""
 FORMAT="" TYPE="N" COST="" USE="N"/>
<OBS  _TYPE_="TRAINPRIOR" VARIABLE="TRAINPRIOR" LABEL="Training Prior" LEVEL="" EVENT=""
 ORDER="" FORMAT="" TYPE="N" COST="" USE="N"/>
<OBS  _TYPE_="DECPRIOR" VARIABLE="DECPRIOR" LABEL="Decision Prior" LEVEL="" EVENT="" ORDER=""
 FORMAT="" TYPE="N" COST="" USE="N"/>
<OBS  _TYPE_="PREDICTED" VARIABLE="P_TI_Churn11" LABEL="Predicted: TI_Churn1=1" LEVEL="1"
 EVENT="" ORDER="" FORMAT="" TYPE="N" COST="" USE=""/>
<OBS  _TYPE_="RESIDUAL" VARIABLE="R_TI_Churn11" LABEL="Residual: TI_Churn1=1" LEVEL="1"
 EVENT="" ORDER="" FORMAT="" TYPE="N" COST="" USE=""/>
<OBS  _TYPE_="PREDICTED" VARIABLE="P_TI_Churn10" LABEL="Predicted: TI_Churn1=0" LEVEL="0"
 EVENT="" ORDER="" FORMAT="" TYPE="N" COST="" USE=""/>
<OBS  _TYPE_="RESIDUAL" VARIABLE="R_TI_Churn10" LABEL="Residual: TI_Churn1=0" LEVEL="0"
 EVENT="" ORDER="" FORMAT="" TYPE="N" COST="" USE=""/>
<OBS  _TYPE_="FROM" VARIABLE="F_TI_Churn1" LABEL="From: TI_Churn1" LEVEL="" EVENT="" ORDER=""
 FORMAT="" TYPE="C" COST="" USE=""/>
<OBS  _TYPE_="INTO" VARIABLE="I_TI_Churn1" LABEL="Into: TI_Churn1" LEVEL="" EVENT="" ORDER=""
 FORMAT="" TYPE="C" COST="" USE=""/>
</DATA>
<METADATA >
<VARIABLE  NAME="_TYPE_" LABEL="Type" LENGTH="32" FORMAT="" TYPE="C"/>
<VARIABLE  NAME="VARIABLE" LABEL="Variable" LENGTH="32" FORMAT="" TYPE="C"/>
<VARIABLE  NAME="LABEL" LABEL="Label" LENGTH="256" FORMAT="" TYPE="C"/>
<VARIABLE  NAME="LEVEL" LABEL="Measurement Level" LENGTH="32" FORMAT="" TYPE="C"/>
<VARIABLE  NAME="EVENT" LABEL="Target Event" LENGTH="32" FORMAT="" TYPE="C"/>
<VARIABLE  NAME="ORDER" LABEL="Order" LENGTH="10" FORMAT="" TYPE="C"/>
<VARIABLE  NAME="FORMAT" LABEL="Format" LENGTH="32" FORMAT="" TYPE="C"/>
<VARIABLE  NAME="TYPE" LABEL="Type" LENGTH="1" FORMAT="" TYPE="C"/>
<VARIABLE  NAME="COST" LABEL="Cost" LENGTH="32" FORMAT="" TYPE="C"/>
<VARIABLE  NAME="USE" LABEL="Use" LENGTH="1" FORMAT="" TYPE="C"/>
</METADATA>
</DECMETA>
</TI_CHURN1>
</EMTARGETATTRIBUTES>
</_ROOT_>
