<?xml version="1.0" encoding="UTF-8"?><StatGraph silkCompat="true" version="9.2_S2DVR">
<LayoutOverlay actionMode="brush" name="LayoutOverlay 2">
<Histogram data="SAMPLE_DATA" name="Histogram">
<Role discrete="false" type="X" variable="NumberOfDeviceRegistered"/>
<Role discrete="false" type="StatisticType" variable="Frequency"/>
</Histogram>
<Title textVisible="true">NumberOfAddress</Title>
</LayoutOverlay>
</StatGraph>
<StatGraph silkCompat="true" version="9.2_S2DVR">
<PieChart actionMode="select" data="SAMPLE_DATA" name="Pie 2" otherLabel="Other" pieLabelComponents="7">
<Role discrete="false" sortOrder="Data" type="Category" variable="NumberOfDeviceRegistered"/>
<Title textVisible="true">Gender</Title>
<Legend type="Category" visible="true">
<Title textAlign="Left" textVisible="true" verticalAlign="Bottom">NumberOfDeviceRegistered</Title>
<Labels SASFormat="BEST12"/>
</Legend>
</PieChart>
</StatGraph>
<StatGraph silkCompat="true" version="9.2_S2DVR">
<LayoutOverlay actionMode="brush" name="LayoutOverlay 3">
<BoxPlot data="SAMPLE_DATA" name="HBox" orient="HORIZONTAL">
<Role discrete="false" type="Y" variable="DaySinceLastOrder"/>
</BoxPlot>
<Title textVisible="true">DaySinceLastOrder</Title>
</LayoutOverlay>
</StatGraph>
<StatGraph silkCompat="true" version="9.2_S2DVR">
<PieChart actionMode="select" data="SAMPLE_DATA" name="Pie" otherLabel="Other" pieLabelComponents="7">
<Role discrete="false" sortOrder="Data" type="Category" variable="Churn"/>
<Title textVisible="true">Churn</Title>
<Legend type="Category" visible="false">
<Title textAlign="Left" verticalAlign="Bottom">Churn</Title>
<Labels SASFormat="BEST12"/>
</Legend>
</PieChart>
</StatGraph>
<StatGraph silkCompat="true" version="9.2_S2DVR">
<LayoutOverlay actionMode="brush" name="LayoutOverlay 1">
<BarChart data="SAMPLE_DATA" name="Bar">
<Role discrete="true" sortOrder="Data" type="Category" variable="Occupation"/>
<Role discrete="false" sortOrder="None" type="Response"/>
<Role discrete="false" type="StatisticType" variable="Frequency"/>
</BarChart>
<Title textVisible="true">MaritalStatus</Title>
</LayoutOverlay>
</StatGraph>
